-- phpMyAdmin SQL Dump
-- version 5.2.1
-- https://www.phpmyadmin.net/
--
-- Servidor: localhost:3306
-- Tiempo de generación: 31-07-2024 a las 14:09:03
-- Versión del servidor: 10.5.20-MariaDB
-- Versión de PHP: 7.3.33

SET SQL_MODE = "NO_AUTO_VALUE_ON_ZERO";
START TRANSACTION;
SET time_zone = "+00:00";


/*!40101 SET @OLD_CHARACTER_SET_CLIENT=@@CHARACTER_SET_CLIENT */;
/*!40101 SET @OLD_CHARACTER_SET_RESULTS=@@CHARACTER_SET_RESULTS */;
/*!40101 SET @OLD_COLLATION_CONNECTION=@@COLLATION_CONNECTION */;
/*!40101 SET NAMES utf8mb4 */;

--
-- Base de datos: `id22329069_gestion_equipos`
--

-- --------------------------------------------------------

--
-- Estructura de tabla para la tabla `equipos`
--

CREATE TABLE `equipos` (
  `id_equipo` int(11) NOT NULL,
  `interno` varchar(50) NOT NULL,
  `descripcion` varchar(255) NOT NULL,
  `estado_id` int(11) NOT NULL
) ENGINE=InnoDB DEFAULT CHARSET=utf8mb4 COLLATE=utf8mb4_general_ci;

--
-- Volcado de datos para la tabla `equipos`
--

INSERT INTO `equipos` (`id_equipo`, `interno`, `descripcion`, `estado_id`) VALUES
(1, 'A90', 'AUTOMOVIL', 1),
(2, 'AC652', 'ACOPLADO CARRETON', 1),
(3, 'AJ740', 'ASERRADORA DE JUNTAS', 1),
(4, 'AV651', 'ACOPLADO VOLCADOR', 1),
(5, 'BS480', 'BARREDORA SOPLADORA', 1),
(6, 'CA110', 'CAMIONETA', 1),
(7, 'CA111', 'CAMIONETA', 1),
(8, 'CA120', 'CAMIONETA', 1),
(9, 'CA124', 'CAMIONETA', 1),
(10, 'CA135', 'CAMIONETA', 1),
(11, 'CA143', 'CAMIONETA', 1),
(12, 'CA147', 'CAMIONETA', 1),
(13, 'CA170', 'CAMIONETA', 1),
(14, 'CA76', 'CAMIONETA', 1),
(15, 'CA79', 'CAMIONETA', 1),
(16, 'CA94', 'CAMIONETA', 1),
(17, 'CA95', 'CAMIONETA', 1),
(18, 'CF104', 'MINICARGADORA', 1),
(19, 'CF106', 'CARGADORA FRONTAL', 1),
(20, 'CF109', 'CARGADORA FRONTAL', 1),
(21, 'CF110', 'CARGADORA FRONTAL', 1),
(22, 'CF112', 'CARGADORA FRONTAL', 1),
(23, 'CF113B', 'ACCESORIO BARREDORA', 1),
(24, 'CF113F', 'ACCESORIO FRESADORA', 1),
(25, 'CF117', 'CARGADORA FRONTAL', 1),
(26, 'CL422', 'COMPACTADOR LISO', 1),
(27, 'CL423', 'COMPACTADOR LISO', 1),
(28, 'CL424', 'COMPACTADOR LISO', 1),
(29, 'CL425', 'COMPACTADOR LISO', 1),
(30, 'CL426', 'COMPACTADOR LISO', 1),
(31, 'CLN441', 'COMPACTADOR LISO NEUMATICO', 1),
(32, 'CM618', 'CAMION DE MANTENIMIENTO', 1),
(33, 'CO754', 'CASILLA OFICINA', 1),
(34, 'CO755', 'CASILLA OFICINA', 1),
(35, 'CO756', 'CASILLA OFICINA', 1),
(36, 'CO762', 'CASILLA OFICINA', 1),
(37, 'CO763', 'CASILLA OFICINA', 1),
(38, 'CO765', 'CASILLA OFICINA', 1),
(39, 'CP423', 'COMPACTADOR PATA DE CABRA', 1),
(40, 'CR453', 'CAMION REGADOR ASFALTO', 1),
(41, 'CR453C', 'MOTOR COLERO', 1),
(42, 'CT604', 'CAMION TRACTOR', 1),
(43, 'DA585', 'DESMALEZADORA DE ARRASTRE', 1),
(44, 'DA589', 'DESMALEZADORA', 1),
(45, 'DA590', 'DESMALEZADORA', 1),
(46, 'EC737', 'ELECTROCOMPRESOR', 1),
(47, 'FP153', 'FRESADORA DE PAVIMENTOS', 1),
(48, 'GE731', 'GRUPO ELECTROGENO', 1),
(49, 'LAB-VISC001', 'VISC001 - VISCOSÍMETRO TIPO BROOKFIELD RVDV2', 1),
(50, 'MC734', 'MOTOCOMPRESOR', 1),
(51, 'MC735', 'MOTOCOMPRESOR', 1),
(52, 'MDH735', 'MARTILLO DEMOLEDOR HIDRAULICO', 1),
(53, 'MN221', 'MOTONIVELADORA', 1),
(54, 'MN222', 'MOTONIVELADORA', 1),
(55, 'MN226', 'MOTONIVELADORA', 1),
(56, 'P739', 'PROBETERA', 1),
(57, 'PA560', 'PALA DE ARRASTRE', 1),
(58, 'PA561', 'PALA DE ARRASTRE', 1),
(59, 'PA704', 'PLANTA ASFALTICA', 1),
(60, 'RD585', 'RASTRA DE DISCOS', 1),
(61, 'RE324', 'RETROEXCAVADORA', 1),
(62, 'RN403', 'RODILLO NEUMATICO', 1),
(63, 'RN404', 'RODILLO NEUMATICO', 1),
(64, 'RN405', 'RODILLO NEUMATICO', 1),
(65, 'RP325', 'RETROPALA', 1),
(66, 'RP326', 'RETROPALA', 1),
(67, 'SJ482', 'SELLADORA DE JUNTAS', 1),
(68, 'TA466', 'TERMINADORA DE ASFALTO', 1),
(69, 'TR505', 'TRACTOR', 1),
(70, 'TR512', 'TRACTOR', 1),
(71, 'TR513', 'TRACTOR', 1),
(72, 'TR518', 'TRACTOR', 1),
(73, 'TR523', 'TRACTOR', 1),
(74, 'A56', 'AUTOMOVIL', 1),
(75, 'A62', 'AUTOMOVIL', 1),
(76, 'A65', 'AUTOMOVIL', 1),
(77, 'A66', 'AUTOMOVIL', 1),
(78, 'A67', 'AUTOMOVIL', 1),
(79, 'A68', 'AUTOMOVIL', 1),
(80, 'A69', 'AUTOMOVIL', 1),
(81, 'A70', 'AUTOMOVIL', 1),
(82, 'A71', 'AUTOMOVIL', 1),
(83, 'A72', 'AUTOMOVIL', 1),
(84, 'A73', 'AUTOMOVIL', 1),
(85, 'A74', 'AUTOMOVIL', 1),
(86, 'A77', 'AUTOMOVIL', 1),
(87, 'A78', 'AUTOMOVIL', 1),
(88, 'A79', 'AUTOMOVIL', 1),
(89, 'A80', 'AUTOMOVIL', 1),
(90, 'A81', 'AUTOMOVIL', 1),
(91, 'A82', 'AUTOMOVIL', 1),
(92, 'A83', 'AUTOMOVIL', 1),
(93, 'A84', 'AUTOMOVIL', 1),
(94, 'A85', 'AUTOMOVIL', 1),
(95, 'A86', 'AUTOMOVIL', 1),
(96, 'A87', 'AUTOMOVIL', 1),
(97, 'A88', 'AUTOMOVIL', 1),
(98, 'A89', 'AUTOMOVIL', 1),
(99, 'A91', 'AUTOMOVIL', 1),
(100, 'AA001-LIC', 'APLANADORA DE ASFALTO (LICITACIÓN)', 1),
(101, 'AA002-LIC', 'APLANADORA DE ASFALTO (LICITACIÓN)', 1),
(102, 'AA405', 'APLANADORA DE ASFALTO', 1),
(103, 'AA406', 'APLANADORA DE ASFALTO', 1),
(104, 'AAGENERICA1', 'APLANADORA DE ASFALTO', 1),
(105, 'AB659 PDG', 'ACOPLADO BATEA PDG', 1),
(106, 'AB660 PDG', 'ACOPLADO BATEA PDG', 1),
(107, 'AB662', 'ACOPLADO BATEA', 1),
(108, 'AB663', 'ACOPLADO BATEA', 1),
(109, 'AB664', 'ACOPLADO BATEA', 1),
(110, 'AB665', 'ACOPLADO BATEA', 1),
(111, 'AB666 PDG', 'ACOPLADO BATEA PDG', 1),
(112, 'AB667 PDG', 'ACOPLADO BATEA PDG', 1),
(113, 'AC651', 'ACOPLADO CARRETON', 1),
(114, 'AC654', 'ACOPLADO CARRETON', 1),
(115, 'AC658', 'ACOPLADO CARRETON', 1),
(116, 'AC659', 'ACOPLADO CARRETON', 1),
(117, 'AE105', 'AUTOELEVADOR', 1),
(118, 'AE106', 'AUTOELEVADOR', 1),
(119, 'AE107', 'AUTOELEVADOR', 1),
(120, 'AJ001-LIC', 'ASERRADORA DE JUNTAS (LICITACIÓN)', 1),
(121, 'AJ734', 'ASERRADORA DE JUNTAS', 1),
(122, 'AJ735', 'ASERRADORA DE JUNTAS', 1),
(123, 'AJ738', 'ASERRADORA DE JUNTAS', 1),
(124, 'AJ739', 'ASERRADORA DE JUNTAS', 1),
(125, 'AM731', 'ALIZADOR MANUAL P/HORMIIGON', 1),
(126, 'AP100', 'ACOPLADO PLAYO', 1),
(127, 'AP101', 'ACOPLADO PLAYO', 1),
(128, 'AS200', 'ALLANADORA', 1),
(129, 'AS201', 'ALLANADORA', 1),
(130, 'AT661', 'ACOPLADO TRAILLER', 1),
(131, 'AT662', 'ACOPLADO TRAILLER', 1),
(132, 'ATA655', 'ACOPLADO TANQUE DE AGUA', 1),
(133, 'ATA656', 'ACOPLADO TANQUE DE AGUA', 1),
(134, 'ATA657', 'ACOPLADO TANQUE DE AGUA', 1),
(135, 'ATA669', 'ACOPLADO TANQUE DE AGUA', 1),
(136, 'ATA670', 'ACOPLADO TANQUE DE AGUA', 1),
(137, 'ATA671', 'ACOPLADO TANQUE DE AGUA', 1),
(138, 'ATA672', 'ACOPLADO TANQUE DE AGUA', 1),
(139, 'ATA673', 'ACOPLADO TANQUE DE AGUA', 1),
(140, 'ATC664', 'ACOPLADO TANQUE DE COMBUSTIBLE', 1),
(141, 'ATC665', 'ACOPLADO TANQUE DE COMBUSTIBLE', 1),
(142, 'ATC666', 'ACOPLADO TANQUE DE COMBUSTIBLE', 1),
(143, 'ATC667', 'ACOPLADO TANQUE DE COMBUSTIBLE', 1),
(144, 'ATC668', 'ACOPLADO TANQUE DE COMBUSTIBLE', 1),
(145, 'AV650', 'ACOPLADO VOLCADOR', 1),
(146, 'AV656', 'ACOPLADO VOLCADOR', 1),
(147, 'AV657', 'ACOPLADO VOLCADOR', 1),
(148, 'AV658', 'ACOPLADO VOLCADOR', 1),
(149, 'BC102', 'BASCULA CAMION', 1),
(150, 'BC103', 'BASCULA CAMION', 1),
(151, 'BC104', 'BASCULA CAMION', 1),
(152, 'BC105', 'BASCULA CAMION', 1),
(153, 'BC107', 'BASCULA CAMION', 1),
(154, 'BD492', 'BOMBA DEPRESORA', 1),
(155, 'BH001- LIC', 'BOMBA DE HORMIGÓN (LICITACIÓN)', 1),
(156, 'BH490', 'BOMBA DE HORMIGÓN', 1),
(157, 'BS001- LIC', 'BARREDORA SOPLADORA (LICITACIÓN)', 1),
(158, 'BS483', 'BARREDORA SOPLADORA', 1),
(159, 'CA10', 'CAMIONETA', 1),
(160, 'CA100', 'CAMIONETA', 1),
(161, 'CA101', 'CAMIONETA', 1),
(162, 'CA102', 'CAMIONETA', 1),
(163, 'CA103', 'CAMIONETA', 1),
(164, 'CA104', 'CAMIONETA', 1),
(165, 'CA105', 'CAMIONETA - VENDIDA', 1),
(166, 'CA106', 'CAMIONETA', 1),
(167, 'CA107', 'CAMIONETA', 1),
(168, 'CA108', 'CAMIONETA', 1),
(169, 'CA109', 'CAMIONETA', 1),
(170, 'CA112', 'CAMIONETA', 1),
(171, 'CA113', 'CAMIONETA', 1),
(172, 'CA114', 'CAMIONETA', 1),
(173, 'CA115', 'CAMIONETA', 1),
(174, 'CA116', 'CAMIONETA', 1),
(175, 'CA117', 'CAMIONETA', 1),
(176, 'CA118', 'CAMIONETA', 1),
(177, 'CA119', 'CAMIONETA', 1),
(178, 'CA12', 'CAMIONETA', 1),
(179, 'CA121', 'CAMIONETA', 1),
(180, 'CA122', 'CAMIONETA', 1),
(181, 'CA123', 'CAMIONETA', 1),
(182, 'CA125', 'CAMIONETA', 1),
(183, 'CA126', 'CAMIONETA -', 1),
(184, 'CA127', 'CAMIONETA', 1),
(185, 'CA128', 'CAMIONETA', 1),
(186, 'CA129', 'CAMIONETA', 1),
(187, 'CA13', 'CAMIONETA', 1),
(188, 'CA130', 'CAMIONETA', 1),
(189, 'CA131', 'CAMIONETA', 1),
(190, 'CA132', 'CAMIONETA', 1),
(191, 'CA133', 'CAMIONETA', 1),
(192, 'CA134', 'CAMIONETA', 1),
(193, 'CA136', 'CAMIONETA', 1),
(194, 'CA137', 'CAMIONETA', 1),
(195, 'CA138', 'CAMIONETA', 1),
(196, 'CA139', 'CAMIONETA', 1),
(197, 'CA140', 'CAMIONETA', 1),
(198, 'CA141', 'CAMIONETA', 1),
(199, 'CA142', 'CAMIONETA', 1),
(200, 'CA144', 'CAMIONETA', 1),
(201, 'CA145', 'CAMIONETA', 1),
(202, 'CA146', 'CAMIONETA', 1),
(203, 'CA149', 'CAMIONETA', 1),
(204, 'CA150', 'CAMIONETA', 1),
(205, 'CA151', 'CAMIONETA', 1),
(206, 'CA152', 'CAMIONETA', 1),
(207, 'CA153', 'CAMIONETA', 1),
(208, 'CA154', 'CAMIONETA', 1),
(209, 'CA155', 'CAMIONETA', 1),
(210, 'CA156', 'CAMIONETA', 1),
(211, 'CA157', 'CAMIONETA', 1),
(212, 'CA158', 'CAMIONETA', 1),
(213, 'CA159', 'CAMIONETA', 1),
(214, 'CA160', 'CAMIONETA', 1),
(215, 'CA161', 'CAMIONETA', 1),
(216, 'CA162', 'CAMIONETA', 1),
(217, 'CA163', 'CAMIONETA', 1),
(218, 'CA164', 'CAMIONETA', 1),
(219, 'CA165', 'CAMIONETA', 1),
(220, 'CA166', 'CAMIONETA', 1),
(221, 'CA167', 'CAMIONETA', 1),
(222, 'CA168', 'CAMIONETA', 1),
(223, 'CA169', 'CAMIONETA', 1),
(224, 'CA17', 'CAMIONETA', 1),
(225, 'CA171', 'CAMIONETA', 1),
(226, 'CA172', 'CAMIONETA', 1),
(227, 'CA18', 'CAMIONETA', 1),
(228, 'CA24', 'CAMIONETA', 1),
(229, 'CA27', 'CAMIONETA', 1),
(230, 'CA28', 'CAMIONETA', 1),
(231, 'CA29', 'CAMIONETA', 1),
(232, 'CA30', 'CAMIONETA', 1),
(233, 'CA31', 'CAMIONETA', 1),
(234, 'CA33', 'CAMIONETA', 1),
(235, 'CA34', 'CAMIONETA', 1),
(236, 'CA35', 'CAMIONETA', 1),
(237, 'CA37', 'CAMIONETA', 1),
(238, 'CA43', 'CAMIONETA', 1),
(239, 'CA45', 'COMBI PASAJEROS', 1),
(240, 'CA46', 'CAMIONETA', 1),
(241, 'CA47', 'CAMIONETA', 1),
(242, 'CA49', 'CAMIONETA', 1),
(243, 'CA51', 'CAMIONETA', 1),
(244, 'CA54', 'CAMIONETA', 1),
(245, 'CA58', 'CAMIONETA', 1),
(246, 'CA59', 'CAMIONETA', 1),
(247, 'CA64', 'CAMIONETA', 1),
(248, 'CA66', 'CAMIONETA', 1),
(249, 'CA67', 'CAMIONETA', 1),
(250, 'CA68', 'CAMIONETA', 1),
(251, 'CA69', 'CAMIONETA', 1),
(252, 'CA70', 'CAMIONETA', 1),
(253, 'CA71', 'CAMIONETA', 1),
(254, 'CA72', 'CAMIONETA', 1),
(255, 'CA73', 'CAMIONETA', 1),
(256, 'CA74', 'CAMIONETA', 1),
(257, 'CA75', 'CAMIONETA', 1),
(258, 'CA77', 'CAMIONETA', 1),
(259, 'CA78', 'CAMIONETA', 1),
(260, 'CA80', 'CAMIONETA', 1),
(261, 'CA81', 'CAMIONETA', 1),
(262, 'CA82', 'CAMIONETA', 1),
(263, 'CA83', 'CAMIONETA', 1),
(264, 'CA84', 'CAMIONETA', 1),
(265, 'CA85', 'CAMIONETA', 1),
(266, 'CA86', 'CAMIONETA', 1),
(267, 'CA87', 'CAMIONETA', 1),
(268, 'CA88', 'CAMIONETA', 1),
(269, 'CA89', 'CAMIOMETA', 1),
(270, 'CA90', 'CAMIONETA', 1),
(271, 'CA91', 'CAMIONETA', 1),
(272, 'CA92', 'CAMIONETA', 1),
(273, 'CA93', 'CAMIONETA', 1),
(274, 'CA96', 'CAMIONETA', 1),
(275, 'CA97', 'CAMIONETA', 1),
(276, 'CA98', 'CAMIONETA', 1),
(277, 'CA99', 'CAMIONETA', 1),
(278, 'CARGADORA - FOMULA', 'FORMULA', 1),
(279, 'CC606', 'CAMION CISTERNA', 1),
(280, 'CC608', 'CAMION CISTERNA', 1),
(281, 'CC616', 'CAMION CISTERNA', 1),
(282, 'CC617', 'CAMION CISTERNA', 1),
(283, 'CE733', 'COMPRESOR ELECTRICO', 1),
(284, 'CF001- LIC', 'CARGADORA FRONTAL (LICITACIÓN)', 1),
(285, 'CF003- LIC', 'CARGADORA FRONTAL (LICITACIÓN)', 1),
(286, 'CF102', 'CARGADORA FRONTAL', 1),
(287, 'CF103', 'CARGADORA FRONTAL', 1),
(288, 'CF108', 'CARGADORA FRONTAL', 1),
(289, 'CF111', 'CARGADORA FRONTAL', 1),
(290, 'CF113', 'MINICARGADORA', 1),
(291, 'CF113D', 'ACCESORIO DESMALEZADORA', 1),
(292, 'CF114', 'MINICARGADORA', 1),
(293, 'CF114B', 'ACCESORIO BARREDORA', 1),
(294, 'CF114H', 'ACCESORIO CUCHARON HORMIGONERO', 1),
(295, 'CF115', 'CARGADORA FRONTAL', 1),
(296, 'CF116', 'CARGADORA FRONTAL', 1),
(297, 'CF119', 'CARGADORA FRONTAL', 1),
(298, 'CH001- LIC', 'CAMIÓN CON HIDROGRÚA (LICITACIÓN)', 1),
(299, 'CL001- LIC', 'COMPACTADOR LISO (LICITACIÓN)', 1),
(300, 'CL410', 'COMPACTADOR LISO', 1),
(301, 'CL411', 'COMPACTADOR LISO', 1),
(302, 'CL416', 'COMPACTADOR LISO', 1),
(303, 'CL418', 'APLANADORA DE ASFALTO (CHICA)', 1),
(304, 'CL419', 'COMPACTADOR LISO', 1),
(305, 'CL752', 'CASILLA LABORATORIO', 1),
(306, 'CM001- LIC', 'COMPACTADOR MANUAL (LICITACIÓN)', 1),
(307, 'CM002- LIC', 'COMPACTADOR MANUAL (LICITACIÓN)', 1),
(308, 'CM606', 'CAMION DE MANTENIMIENTO', 1),
(309, 'CM619', 'CAMION DE MANTENIMIENTO', 1),
(310, 'CM620', 'CAMION DE MANTENIMIENTO', 1),
(311, 'CM621', 'CAMION DE MANTENIMIENTO', 1),
(312, 'CM622', 'CAMION DE MANTENIMIENTO', 1),
(313, 'CM623', 'CAMION DE MANTENIMIENTO', 1),
(314, 'CM740', 'COMPACTADOR MANUAL', 1),
(315, 'CM741', 'COMPACTADOR MANUAL', 1),
(316, 'CM742', 'COMPACTADOR MANUAL', 1),
(317, 'CM743', 'COMPACTADOR MANUAL', 1),
(318, 'CM746', 'COMPACTADOR MANUAL', 1),
(319, 'CM747', 'COMPACTADOR MANUAL', 1),
(320, 'CM748', 'COMPACTADOR MANUAL', 1),
(321, 'CM749', 'COMPACTADOR MANUAL', 1),
(322, 'CM751', 'COMPACTADOR MANUAL', 1),
(323, 'CM752', 'COMPACTADOR MANUAL', 1),
(324, 'CM753', 'COMPACTADOR MANUAL', 1),
(325, 'CM754', 'COMPACTADOR MANUAL', 1),
(326, 'CM755', 'COMPACTADOR MANUAL', 1),
(327, 'CM756', 'COMPACTADOR MANUAL', 1),
(328, 'CO753', 'CASILLA OFICINA', 1),
(329, 'CO757', 'CASILLA OFICINA', 1),
(330, 'CO758', 'CASILLA OFICINA', 1),
(331, 'CO759', 'CASILLA OFICINA', 1),
(332, 'CO760', 'COLECTIVO OFICINA', 1),
(333, 'CO761', 'COLECTIVO OFICINA', 1),
(334, 'CO764', 'CASILLA OFICINA', 1),
(335, 'CO766', 'CASILLA OFICINA', 1),
(336, 'CO800', 'CONTAINER', 1),
(337, 'CP001- LIC', 'COMPACTADOR PATA DE CABRA (LICITACIÓN)', 1),
(338, 'CP002- LIC', 'COMPACTADOR PATA DE CABRA (LICITACIÓN)', 1),
(339, 'CP412', 'COMPACTADOR PATA DE CABRA', 1),
(340, 'CP413', 'COMPACTADOR PATA DE CABRA', 1),
(341, 'CP414', 'COMPACTADOR PATA DE CABRA', 1),
(342, 'CP415', 'COMPACTADOR PATA DE CABRA', 1),
(343, 'CP417', 'COMPACTADOR LISO (se le sacaron los dientes)', 1),
(344, 'CP421', 'COMPACTADOR PATA DE CABRA', 1),
(345, 'CP422', 'COMPACTADOR PATA DE CABRA', 1),
(346, 'CP424', 'COMPACTADOR PATA DE CABRA', 1),
(347, 'CP425', 'COMPACTADOR PATA DE CABRA', 1),
(348, 'CP426', 'COMPACTADOR PATA DE CABRA', 1),
(349, 'CR001- LIC', 'CAMION REGADOR ASFALTO (LICITACIÓN)', 1),
(350, 'CR002- LIC', 'CAMION REGADOR AGUA (LICITACIÓN)', 1),
(351, 'CR451', 'CAMION REGADOR ASFALTO', 1),
(352, 'CR451C', 'MOTOR COLERO', 1),
(353, 'CR452C', 'MOTOR COLERO', 1),
(354, 'CR454', 'CAMION REGADOR ASFALTO', 1),
(355, 'CR454C', 'MOTOR COLERO', 1),
(356, 'CR455', 'CAMION REGADOR ASFALTO', 1),
(357, 'CT001- LIC', 'CAMIÓN CON SEMI (LICITACIÓN)', 1),
(358, 'CT612 PDG', 'CAMION TRACTOR PDG', 1),
(359, 'CT615 PDG', 'CAMION TRACTOR PDG', 1),
(360, 'CT620', 'CAMION TRACTOR', 1),
(361, 'CT622', 'CAMION TRACTOR', 1),
(362, 'CT623', 'CAMION TRACTOR', 1),
(363, 'CT625 PDG', 'CAMION TRACTOR PDG', 1),
(364, 'CT630', 'CAMION TRACTOR', 1),
(365, 'CT631', 'CAMION TRACTOR', 1),
(366, 'CT632', 'CAMION TRACTOR', 1),
(367, 'CT633', 'CAMION TRACTOR', 1),
(368, 'CT634', 'CAMION TRACTOR', 1),
(369, 'CT635', 'CAMION TRACTOR', 1),
(370, 'CV001- LIC', 'CAMION VOLCADOR (LICITACIÓN)', 1),
(371, 'CV602', 'CAMION', 1),
(372, 'CV605', 'CAMION', 1),
(373, 'CV607', 'CAMION', 1),
(374, 'CV608', 'CAMION', 1),
(375, 'CV609', 'CAMION', 1),
(376, 'CV613', 'CAMION VOLCADOR', 1),
(377, 'DA463', 'DISTRIBUIDORA DE ARENA', 1),
(378, 'DA586', 'DESMALEZADORA', 1),
(379, 'DA587', 'DESMALEZADORA', 1),
(380, 'DA588', 'DESMALEZADORA', 1),
(381, 'E20', 'EQUIPO DE ALQUILER', 1),
(382, 'EA10', 'EQUIPO DE ALQUILER', 1),
(383, 'EA11', 'EQUIPO DE ALQUILER', 1),
(384, 'EA12', 'EQUIPO DE ALQUILER', 1),
(385, 'EA13', 'EQUIPO DE ALQUILER', 1),
(386, 'EA14', 'EQUIPO DE ALQUILER', 1),
(387, 'EA15', 'EQUIPO DE ALQUILER', 1),
(388, 'EA16', 'EQUIPO DE ALQUILER', 1),
(389, 'EA17', 'EQUIPO DE ALQUILER', 1),
(390, 'EA18', 'EQUIPO DE ALQUILER', 1),
(391, 'EA19', 'EQUIPO DE ALQUILER', 1),
(392, 'EA21', 'EQUIPO DE ALQUILER', 1),
(393, 'EA22', 'EQUIPO DE ALQUILER', 1),
(394, 'EA23', 'EQUIPO DE ALQUILER', 1),
(395, 'EA24', 'EQUIPO DE ALQUILER', 1),
(396, 'EA25', 'EQUIPO DE ALQUILER', 1),
(397, 'EA26', 'EQUIPO DE ALQUILER', 1),
(398, 'EA27', 'EQUIPO DE ALQUILER', 1),
(399, 'EA28', 'EQUIPO DE ALQUILER', 1),
(400, 'EA29', 'EQUIPO DE ALQUILER - CASILLA 6M', 1),
(401, 'EA30', 'EQUIPO DE ALQUILER - CASILLA 12M', 1),
(402, 'EA31', 'EQUIPO DE ALQUILER', 1),
(403, 'EA32', 'EQUIPO DE ALQUILER', 1),
(404, 'EA33', 'EQUIPO DE ALQUILER - CONTENEDOR 6M', 1),
(405, 'EA34', 'EQUIPO DE ALQUILER - CASILLA', 1),
(406, 'EC100', 'EQUIPO CORDONERO', 1),
(407, 'EP101', 'EQUIPO DE PINTURA', 1),
(408, 'FA001- LIC', 'EQUIPO FUSOR DE ASFALTO (LICITACIÓN)', 1),
(409, 'FA481', 'EQUIPO FUSOR DE ASFALTO', 1),
(410, 'FA482', 'EQUIPO FUSOR DE ASFALTO', 1),
(411, 'FP001- LIC', 'FRESADORA DE PAVIMENTOS (LICITACIÓN)', 1),
(412, 'FP151', 'FRESADORA DE PAVIMENTOS', 1),
(413, 'GE721', 'GRUPO ELECTROGENO', 1),
(414, 'GE721 -LIC', 'GRUPO ELECTROGENO (LICITACIÓN)', 1),
(415, 'GE722', 'GRUPO ELECTROGENO', 1),
(416, 'GE723', 'GRUPO ELECTROGENO', 1),
(417, 'GE724', 'GRUPO ELECTROGENO', 1),
(418, 'GE725', 'GRUPO ELECTROGENO', 1),
(419, 'GE727', 'GRUPO ELECTROGENO', 1),
(420, 'GE730', 'GRUPO ELECTROGENO', 1),
(421, 'GE732', 'GRUPO ELECTROGENO', 1),
(422, 'GE733', 'GRUPO ELECTROGENO', 1),
(423, 'GE734', 'GRUPO ELECTROGENO', 1),
(424, 'GE735', 'GRUPO ELECTROGENO', 1),
(425, 'GE736', 'GRUPO ELECTROGENO', 1),
(426, 'GE737', 'GRUPO ELECTROGENO', 1),
(427, 'GE738', 'GRUPO ELECTROGENO', 1),
(428, 'GE739', 'GRUPO ELECTROGENO', 1),
(429, 'GE740', 'GRUPO ELECTROGENO', 1),
(430, 'GH100', 'GRUPO HIDRAULICO', 1),
(431, 'GPH800', 'GARRA PULPO HIDRÁULICA', 1),
(432, 'GRUPO ELECTROGENO', 'FORMULA', 1),
(433, 'HM001- LIC', 'HERRAMIENTAS MENORES (LICITACIÓN)', 1),
(434, 'HP139', 'HOYADORA', 1),
(435, 'HP139 - LIC', 'HOYADORA (LICITACIÓN)', 1),
(436, 'HP140', 'HOYADORA', 1),
(437, 'HP141', 'HOYADORA', 1),
(438, 'HP142', 'HOYADORA', 1),
(439, 'HP492', 'HORMIGONERA PORTATIL', 1),
(440, 'HS400', 'HORNO DE SECADO PORTATIL', 1),
(441, 'MA10', 'MOVILIDAD ALQUILER', 1),
(442, 'MA11', 'MOVILIDAD ALQUILER', 1),
(443, 'MA12', 'MOVILIDAD ALQUILER', 1),
(444, 'MA13', 'MOVILIDAD ALQUILER', 1),
(445, 'MA14', 'MOVILIDAD ALQUILER', 1),
(446, 'MA15', 'MOVILIDAD ALQUILER', 1),
(447, 'MA16', 'MOVILIDAD ALQUILER', 1),
(448, 'MA17', 'MOVILIDAD ALQUILER', 1),
(449, 'MA-18', 'MOVILIDAD ALQUILER', 1),
(450, 'MA-19', 'MOVILIDAD ALQUILER', 1),
(451, 'MA-20', 'MOVILIDAD ALQUILER', 1),
(452, 'MA21', 'MOVILIDAD ALQUILER', 1),
(453, 'MA22', 'MOVILIDAD ALQUILER', 1),
(454, 'MA23', 'MOVILIDAD ALQUILER', 1),
(455, 'MA24', 'MOVILIDAD ALQUILER', 1),
(456, 'MA25', 'MOVILIDAD ALQUILER', 1),
(457, 'MA26', 'MOVILIDAD ALQUILER', 1),
(458, 'MA27', 'MOVILIDAD ALQUILER', 1),
(459, 'MA28', 'MOVILIDAD ALQUILER', 1),
(460, 'MA29', 'MOVILIDAD ALQUILER', 1),
(461, 'MA30', 'MOVILIDAD ALQUILER', 1),
(462, 'MA31', 'MOVILIDAD ALQUILER', 1),
(463, 'MA32', 'MOVILIDAD ALQUILER', 1),
(464, 'MA33', 'MOVILIDAD ALQUILER', 1),
(465, 'MA34', 'MOVILIDAD ALQUILER', 1),
(466, 'MA35', 'MOVILIDAD ALQUILER', 1),
(467, 'MA36', 'MOVILIDAD ALQUILER', 1),
(468, 'MA37', 'MOVILIDAD ALQUILER', 1),
(469, 'MB001- LIC', 'MOTOBOMBA (LICITACIÓN)', 1),
(470, 'MB763', 'MOTOBOMBA', 1),
(471, 'MB764', 'MOTOBOMBA', 1),
(472, 'MB765', 'MOTOBOMBA', 1),
(473, 'MB766', 'MOTOBOMBA', 1),
(474, 'MB767', 'MOTOBOMBA', 1),
(475, 'MB768', 'MOTOBOMBA', 1),
(476, 'MB769', 'MOTOBOMBA', 1),
(477, 'MB770', 'MOTOBOMBA', 1),
(478, 'MB771', 'MOTOBOMBA', 1),
(479, 'MB772', 'MOTOBOMBA', 1),
(480, 'MB773', 'MOTOBOMBA', 1),
(481, 'MC001- LIC', 'MOTOCOMPRESOR (LICITACIÓN)', 1),
(482, 'MC730', 'MOTOCOMPRESOR', 1),
(483, 'MC732', 'MOTOCOMPRESOR', 1),
(484, 'MC733', 'MOTOCOMPRESOR', 1),
(485, 'MC736', 'MOTOCOMPRESOR', 1),
(486, 'MC737', 'MOTOCOMPRESOR', 1),
(487, 'MC738', 'MOTOCOMPRESOR', 1),
(488, 'MCA01- LIC', 'MINICARGADORA (LICITACIÓN)', 1),
(489, 'MDE100', 'MARTILLO DEMOLEDOR ELECTRICO', 1),
(490, 'MDE101', 'MARTILLO DEMOLEDOR ELECTRICO', 1),
(491, 'MDE102', 'MARTILLO DEMOLEDOR ELECTRICO', 1),
(492, 'MDH732', 'MARTILLO DEMOLEDOR HIDRAULICO', 1),
(493, 'MDH733', 'MARTILLO DEMOLEDOR HIDRAULICO', 1),
(494, 'MDH734', 'MARTILLO DEMOLEDOR HIDRAULICO', 1),
(495, 'MDH736', 'MARTILLO DEMOLEDOR HIDRAULICO', 1),
(496, 'MDN700', 'MARTILLO DEMOLEDOR NEUMATICO', 1),
(497, 'MDN700 (LIC)', 'MARTILLO DEMOLEDOR NEUMATICO (LICITACIÓN)', 1),
(498, 'MDZ01', 'MOTOR DEUTZ DE REEMPLAZO', 1),
(499, 'MH001- LIC', 'MOTOHORMIGONERO (LICITACIÓN)', 1),
(500, 'MH620', 'MOTOHORMIGONERO', 1),
(501, 'MH620C', 'MOTOR COLERO', 1),
(502, 'MH622', 'MOTOHORMIGONERO', 1),
(503, 'MH622C', 'MOTOR COLERO', 1),
(504, 'MH626C', 'MOTOR COLERO', 1),
(505, 'MH627C', 'MOTOR COLERO', 1),
(506, 'MH630', 'MOTOHORMIGONERO', 1),
(507, 'MHA629', 'MOTOHORMIGONERO', 1),
(508, 'MN001- LIC', 'MOTONIVELADORA (LICITACIÓN)', 1),
(509, 'MN002- LIC', 'MOTONIVELADORA (LICITACIÓN)', 1),
(510, 'MN003- LIC', 'MOTONIVELADORA (LICITACIÓN)', 1),
(511, 'MN211', 'MOTONIVELADORA', 1),
(512, 'MN212', 'MOTONIVELADORA', 1),
(513, 'MN213', 'MOTONIVELADORA', 1),
(514, 'MN214', 'MOTONIVELADORA', 1),
(515, 'MN215', 'MOTONIVELADORA', 1),
(516, 'MN217', 'MOTONIVELADORA', 1),
(517, 'MN218', 'MOTONIVELADORA', 1),
(518, 'MN219', 'MOTONIVELADORA', 1),
(519, 'MN220', 'MOTONIVELADORA', 1),
(520, 'MN223', 'MOTONIVELADORA', 1),
(521, 'MN224', 'MOTONIVELADORA', 1),
(522, 'MN225', 'MOTONIVELADORA', 1),
(523, 'MN228', 'MOTONIVELADORA', 1),
(524, 'MN229', 'MOTONIVELADORA', 1),
(525, 'MS141', 'MOTOSOLDADOR', 1),
(526, 'MV001- LIC', 'VIBRADOR HORMIGON (LICITACIÓN)', 1),
(527, 'MV450', 'VIBRADOR HORMIGON', 1),
(528, 'P735', 'PROBETERA', 1),
(529, 'P737', 'PROBETERA', 1),
(530, 'P738', 'PROBETERA', 1),
(531, 'PA550', 'PALA DE ARRASTRE', 1),
(532, 'PA551', 'PALA DE ARRASTRE', 1),
(533, 'PA552', 'PALA DE ARRASTRE', 1),
(534, 'PA553', 'PALA DE ARRASTRE', 1),
(535, 'PA554', 'PALA DE ARRASTRE', 1),
(536, 'PA555', 'PALA DE ARRASTRE', 1),
(537, 'PA556', 'PALA DE ARRASTRE', 1),
(538, 'PA557', 'PALA DE ARRASTRE', 1),
(539, 'PA558', 'PALA DE ARRASTRE', 1),
(540, 'PA559', 'PALA DE ARRASTRE', 1),
(541, 'PA562', 'PALA DE ARRASTRE', 1),
(542, 'PA563', 'PALA DE ARRASTRE', 1),
(543, 'PA705', 'PLANTA ASFALTICA', 1),
(544, 'PA706', 'PLANTA ASFALTICA', 1),
(545, 'PA707', 'PLANTA ASFALTICA', 1),
(546, 'PD714', 'PLANTA DOSIFICADORA', 1),
(547, 'PE703', 'PLANTA DE ESTABILIZADO', 1),
(548, 'PH710', 'PLANTA HORMIGONERA', 1),
(549, 'PLANTA ASFALTICA - FORMULA', 'FORMULA', 1),
(550, 'PLANTA HORMIGON - FORMULA', 'FORMULA', 1),
(551, 'RA001- LIC', 'RECLAMADORA (LICITACIÓN)', 1),
(552, 'RA201', 'RECLAMADORA', 1),
(553, 'RA202', 'RECLAMADORA', 1),
(554, 'RA203', 'RECLAMADORA', 1),
(555, 'RAT456', 'REGADOR ASFALTO TRAILER', 1),
(556, 'RD579', 'RASTRA DE DISCOS', 1),
(557, 'RD581', 'RASTRA DE DISCOS', 1),
(558, 'RD582', 'RASTRA DE DISCOS', 1),
(559, 'RD583', 'RASTRA DE DISCOS', 1),
(560, 'RD584', 'RASTRA DE DISCOS', 1),
(561, 'RD586', 'RASTRA DE DISCOS', 1),
(562, 'RE001- LIC', 'RETROEXCAVADORA (LICITACIÓN)', 1),
(563, 'RE002- LIC', 'RETROEXCAVADORA (LICITACIÓN)', 1),
(564, 'RE308', 'RETROEXCAVADORA', 1),
(565, 'RE310', 'RETROEXCAVADORA', 1),
(566, 'RE312', 'RETROEXCAVADORA', 1),
(567, 'RE316', 'RETROEXCAVADORA', 1),
(568, 'RE317', 'RETROEXCAVADORA', 1),
(569, 'RE318', 'RETROEXCAVADORA', 1),
(570, 'RE319', 'RETROEXCAVADORA', 1),
(571, 'RE320', 'RETROEXCAVADORA', 1),
(572, 'RE322', 'RETROEXCAVADORA', 1),
(573, 'RE323', 'RETROEXCAVADORA', 1),
(574, 'RE325', 'RETROEXCAVADORA', 1),
(575, 'RE326', 'RETROEXCAVADORA', 1),
(576, 'RN001- LIC', 'RODILLO NEUMATICO (LICITACIÓN)', 1),
(577, 'RN400', 'RODILLO NEUMATICO', 1),
(578, 'RN401', 'RODILLO NEUMATICO', 1),
(579, 'RN402', 'RODILLO NEUMATICO', 1),
(580, 'RNT390', 'RODILLO NEUMATICO TIRO', 1),
(581, 'RP001- LIC', 'RETROPALA (LICITACIÓN)', 1),
(582, 'RP002- LIC', 'RETROPALA (LICITACIÓN)', 1),
(583, 'RP301', 'RETROPALA', 1),
(584, 'RP303', 'RETROPALA', 1),
(585, 'RP305', 'RETROPALA', 1),
(586, 'RP309', 'RETROPALA', 1),
(587, 'RP311', 'RETROPALA', 1),
(588, 'RP315', 'RETROPALA', 1),
(589, 'RP317', 'RETROPALA', 1),
(590, 'RP318', 'RETROPALA', 1),
(591, 'RP319', 'RETROPALA', 1),
(592, 'RP320', 'RETROPALA', 1),
(593, 'RP321', 'RETROPALA', 1),
(594, 'RP322', 'RETROPALA', 1),
(595, 'RP324', 'RETROPALA', 1),
(596, 'RP327', 'RETROPALA', 1),
(597, 'RV001- LIC', 'REGLA VIBRATORIA (LICITACIÓN)', 1),
(598, 'RV772', 'REGLA VIBRATORIA', 1),
(599, 'RV773', 'REGLA VIBRATORIA', 1),
(600, 'SJ483', 'SELLADORA DE JUNTAS', 1),
(601, 'SJ484', 'SELLADORA DE JUNTAS', 1),
(602, 'STA700', 'SEMIRREMOLQUE TANQUE ASFALTO', 1),
(603, 'STA701', 'SEMIRREMOLQUE TANQUE ASFALTO', 1),
(604, 'TA001- LIC', 'TERMINADORA DE ASFALTO (LICITACIÓN)', 1),
(605, 'TA461', 'TERMINADORA DE ASFALTO', 1),
(606, 'TA462', 'TERMINADORA DE ASFALTO', 1),
(607, 'TA464', 'TERMINADORA DE ASFALTO', 1),
(608, 'TA465', 'TERMINADORA DE ASFALTO', 1),
(609, 'TA467', 'TERMINADORA DE ASFALTO', 1),
(610, 'TA469', 'TERMINADORA DE ASFALTO', 1),
(611, 'TC105', 'TANQUE DE COMBUSTIBLE', 1),
(612, 'TC106', 'TANQUE DE COMBUSTIBLE', 1),
(613, 'TI011', 'TRAILER DE ILUMINACION', 1),
(614, 'TI012', 'TRAILER DE ILUMINACION', 1),
(615, 'TI013', 'TRAILER DE ILUMINACION', 1),
(616, 'TI014', 'TRAILER DE ILUMINACION', 1),
(617, 'TI015', 'TRAILER DE ILUMINACION', 1),
(618, 'TL001', 'TRANSPORTE LIVIANO', 1),
(619, 'TL002', 'TRANSPORTE LIVIANO', 1),
(620, 'TP009', 'COLECTIVO TRANSP. PERSONAL', 1),
(621, 'TP010', 'TRANSPORTE DE PERSONAL', 1),
(622, 'TP011', 'COLECTIVO TRANSP. PERSONAL', 1),
(623, 'TP012', 'TRANSPORTE DE PERSONAL', 1),
(624, 'TP013', 'TRANSPORTE DE PERSONAL', 1),
(625, 'TP014', 'TRANSPORTE DE PERSONAL', 1),
(626, 'TR001- LIC', 'TRACTOR (LICITACIÓN)', 1),
(627, 'TR002- LIC', 'TRACTOR (LICITACIÓN)', 1),
(628, 'TR498', 'TRACTOR', 1),
(629, 'TR502', 'TRACTOR', 1),
(630, 'TR503', 'TRACTOR', 1),
(631, 'TR504', 'TRACTOR', 1),
(632, 'TR506', 'TRACTOR', 1),
(633, 'TR507', 'TRACTOR', 1),
(634, 'TR508', 'TRACTOR', 1),
(635, 'TR511', 'TRACTOR', 1),
(636, 'TR514', 'TRACTOR', 1),
(637, 'TR515', 'TRACTOR', 1),
(638, 'TR516', 'TRACTOR', 1),
(639, 'TR517', 'TRACTOR', 1),
(640, 'TR519', 'TRACTOR', 1),
(641, 'TR521', 'TRACTOR', 1),
(642, 'TR522', 'TRACTOR', 1),
(643, 'TR524', 'TRACTOR', 1),
(644, 'TT001- LIC', 'TRACTOR TOPADOR (LICITACIÓN)', 1),
(645, 'TT510', 'TRACTOR TOPADOR', 1),
(646, 'VA765', 'VOLQUETA', 1),
(647, 'VU001- LIC', 'VEHÍCULO UTILITARIO (LICITACIÓN)', 1),
(648, 'ZA750', 'ZANJADORA AUTOPROPULSADA', 1);

-- --------------------------------------------------------

--
-- Estructura de tabla para la tabla `estados`
--

CREATE TABLE `estados` (
  `id_estado` int(11) NOT NULL,
  `nombre` varchar(50) NOT NULL,
  `descripcion` varchar(255) DEFAULT NULL
) ENGINE=InnoDB DEFAULT CHARSET=utf8mb4 COLLATE=utf8mb4_general_ci;

--
-- Volcado de datos para la tabla `estados`
--

INSERT INTO `estados` (`id_estado`, `nombre`, `descripcion`) VALUES
(1, 'activo', 'Estado activo'),
(2, 'inactivo', 'Estado inactivo'),
(3, 'suspendido', 'Estado suspendido');

-- --------------------------------------------------------

--
-- Estructura de tabla para la tabla `obras`
--

CREATE TABLE `obras` (
  `id_obra` int(11) NOT NULL,
  `nombre` varchar(255) NOT NULL,
  `centro_costo` varchar(50) NOT NULL,
  `estado_id` int(11) NOT NULL
) ENGINE=InnoDB DEFAULT CHARSET=utf8mb4 COLLATE=utf8mb4_general_ci;

--
-- Volcado de datos para la tabla `obras`
--

INSERT INTO `obras` (`id_obra`, `nombre`, `centro_costo`, `estado_id`) VALUES
(1, 'OFICINA CENTRAL', '100', 1),
(2, 'TALLER CENTRAL', '101', 1),
(3, 'TRANSPORTE', '148', 1),
(4, 'RUTA PROV. Nº51 PARERA URDINARRAIN', '232', 1),
(5, 'RECONSTRUCCION RPNº6', '234', 1),
(6, 'LOS TRES PALOS S.A.', '239', 1),
(7, 'MALLA 509 (UTE)', '257', 1),
(8, 'MEJORAMIENTO RP Nº16 (UTE)', '265', 1),
(9, 'HABITAT CONCORDIA', '272', 1),
(10, 'RED AGUA PUERTO MADERO', '274', 1),
(11, 'R.P. Nº13 EL TREBOL - LOS CARDOS', '275', 1),
(12, 'RP Nº 7 – CHACO', '276', 1),
(13, 'BACHEO DE EMERGENCIA RUTA 12', '277', 1),
(14, 'ACCESO A ALDEA SAN ANTONIO - MANO DE OBRA', '278', 1),
(15, 'RP Nº 22 – JOSEFINA / BAUER & SIGEL', '280', 1),
(16, 'R.P. N°20 - ACCESO URDINARRAIN', '281', 1),
(17, '85 CUADRAS CONCORDIA', '282', 1),
(18, 'CANAL VILLA CULULU', '284', 1),
(19, '37 CUADRAS CONCORDIA', '285', 1),
(20, 'ACCESO A PUERTO RUIZ', '286', 1),
(21, 'REPAVIMENTACION CHAJARI', '287', 1),
(22, 'REPAVIMENTO URBANO VICTORIA', '288', 1),
(23, 'REPAVIMENTO URBANO NOGOYA', '289', 1),
(24, 'AUTOPISTA ROSARIO - SANTA FE', '290', 1),
(25, 'ACCESO A TRES BOCAS - GUALEGUAY', '291', 1),
(26, 'PAVIMENTO 21 CUADRAS DE GRAL. GALARZA', '292', 1),
(27, 'HABITAT NOGOYÁ (PAGNONE)', '293', 1),
(28, 'PAVIMENTACIÓN CUADRAS COLON 2019', '294', 1),
(29, 'MONTE CASEROS', '295', 1),
(30, 'RP Nº51 - LARROQUE - IRAZUSTA', '296', 1),
(31, 'PROSAP BOVRIL', '297', 1),
(32, 'ACCESO MONTE CASEROS', '298', 1),
(33, 'MALLA 1 BOLIVIA', '300', 1),
(34, 'CIRCUNVALACION VICTORIA 2021', '301', 1),
(35, 'RED CLOACAL CONCORDIA 2021', '302', 1),
(36, 'RUTA Nº 4 CONCORDIA 2021', '304', 1),
(37, 'VILLA ZORRAQUÍN CONCORDIA', '305', 1),
(38, 'COSTANERA NEBEL', '308', 1),
(39, 'CANAL PARANA. TRAMO I', '310', 1),
(40, 'ACUEDUCTO METROPOLITANO - PARANA', '311', 1),
(41, 'ACCESO A SANTA ELENA', '312', 1),
(42, 'REHABILITACIÓN RPN°32', '313', 1),
(43, 'PAV. CUADRAS ALDEA SANTA ROSA', '316', 1),
(44, 'SUBCONTRATO MALLA 513C', '317', 1),
(45, 'ACCESO HERNANDEZ', '319', 1),
(46, 'ACCESO A XX DE SEPTIEMBRE', '320', 1),
(47, 'BACHEOS VARIOS DNV', '321', 1),
(48, 'ACCESO HERNANDARIAS', '322', 1),
(49, 'ACCESO NORTE GUALEGUAYCHU RPN°20', '324', 1),
(50, 'PARQUE INDUSTRIAL NOGOYA', '327', 1),
(51, 'OBRAS MENORES', '1001', 1),
(52, 'OFICINA PARANA', '1002', 1),
(53, 'OFICINA JOSE LUIS PITON', '1003', 1),
(54, 'METALURGICA', '2000', 1),
(55, 'PLANTA DOSIFICADORA PRE - GUALEGUAY', '3000', 1),
(56, 'PLANTA ASFALTICA', 'PA700', 1),
(57, 'PLANTA ASFALTICA', 'PA704', 1),
(58, 'PLANTA ASFALTICA', 'PA705', 1),
(59, 'PLANTA ASFALTICA', 'PA706', 1),
(60, 'PLANTA ASFALTICA', 'PA707', 1),
(61, 'PLANTA DOSIFICADORA', 'PD715', 1),
(62, 'PLANTA DOSIFICADORA', 'PD716', 1),
(63, 'PLANTA DOSIFICADORA', 'PD717', 1),
(64, 'PLANTA DOSIFICADORA', 'PD718', 1),
(65, 'OBRAS MENORES', '1001-10', 1),
(66, 'OBRAS MENORES - MEJORAMIENTO INGRESO SUR ESTACION DE SERVICIO EL MIRADOR RNN°12', '1001-11', 1),
(67, 'OBRAS MENORES - DARSENAS RN12-ESTABLECIMIENTO ROTHEX SA', '1001-12', 1),
(68, 'SUBCONTRATO BACHEO AEROPUERTO PARANA', '328', 1);

-- --------------------------------------------------------

--
-- Estructura de tabla para la tabla `partes_diarios`
--

CREATE TABLE `partes_diarios` (
  `id_parte_diario` int(11) NOT NULL,
  `fecha` date NOT NULL,
  `equipo_id` int(11) NOT NULL,
  `horas_inicio` mediumint(11) DEFAULT NULL,
  `horas_fin` int(11) DEFAULT NULL,
  `horas_trabajadas` int(11) NOT NULL,
  `observaciones` text DEFAULT NULL,
  `obra_id` int(11) NOT NULL,
  `date_created` datetime NOT NULL DEFAULT current_timestamp(),
  `date_updated` datetime NOT NULL DEFAULT current_timestamp() ON UPDATE current_timestamp(),
  `user_created` int(11) NOT NULL,
  `estado_id` int(11) NOT NULL
) ENGINE=InnoDB DEFAULT CHARSET=utf8mb4 COLLATE=utf8mb4_general_ci;

--
-- Volcado de datos para la tabla `partes_diarios`
--

INSERT INTO `partes_diarios` (`id_parte_diario`, `fecha`, `equipo_id`, `horas_inicio`, `horas_fin`, `horas_trabajadas`, `observaciones`, `obra_id`, `date_created`, `date_updated`, `user_created`, `estado_id`) VALUES
(105, '2024-07-16', 94, 44, 55, 11, 'eeed', 44, '2024-07-17 14:07:24', '2024-07-17 14:07:24', 1, 1),
(106, '2024-07-16', 1, 5, 9, 4, '', 16, '2024-07-17 14:21:18', '2024-07-17 14:21:18', 1, 1),
(107, '2024-07-18', 1, 2, 2, 0, '222', 10, '2024-07-18 01:41:53', '2024-07-18 01:41:53', 1, 1),
(108, '2024-07-18', 67, 33, 333, 300, '33', 14, '2024-07-18 02:57:50', '2024-07-18 02:57:50', 1, 1),
(109, '2024-07-17', 2, 11, 22, 11, '', 10, '2024-07-18 15:12:49', '2024-07-18 15:12:49', 1, 1),
(110, '2024-07-18', 1, 1, 2, 1, 'qq', 10, '2024-07-19 18:43:29', '2024-07-19 18:43:29', 1, 1),
(111, '2024-07-21', 1, 4, 5, 1, '', 16, '2024-07-21 10:45:44', '2024-07-21 10:45:44', 1, 1),
(112, '2024-07-21', 1, 4, 5, 1, '', 10, '2024-07-21 10:59:55', '2024-07-21 10:59:55', 1, 1),
(113, '2024-07-16', 10, 44, 55, 11, '', 44, '2024-07-24 04:53:58', '2024-07-24 04:53:58', 1, 1),
(114, '2024-07-24', 4, 2, 3, 1, '', 10, '2024-07-24 05:11:46', '2024-07-24 05:11:46', 1, 1),
(115, '2024-07-24', 3, 2, 2, 0, 'Almacenar Datos en una Clase Singleton', 16, '2024-07-24 05:41:41', '2024-07-24 05:41:41', 1, 1),
(116, '2024-07-24', 3, 2, 2, 0, 'Almacenar Datos en una Clase Singleton', 16, '2024-07-24 05:42:20', '2024-07-24 05:42:20', 1, 1),
(117, '2024-07-24', 3, 2, 2, 0, 'Almacenar Datos en una Clase Singleton', 16, '2024-07-24 05:43:31', '2024-07-24 05:43:31', 1, 1),
(134, '2024-07-30', 1, 22, 33, 11, '', 16, '2024-07-30 19:37:17', '2024-07-30 19:37:17', 1, 1),
(135, '2024-07-31', 1, 11, 22, 11, '', 14, '2024-07-30 21:32:51', '2024-07-30 21:32:51', 1, 1),
(136, '2024-07-30', 1, 4, 8, 4, 'aaa', 44, '2024-07-30 21:34:19', '2024-07-30 21:34:19', 1, 1),
(137, '2024-07-31', 3, 11, 15, 4, '', 44, '2024-07-31 02:41:57', '2024-07-31 02:41:57', 1, 1),
(138, '2024-07-31', 5, 55, 66, 11, '', 15, '2024-07-31 02:48:35', '2024-07-31 02:48:35', 1, 1),
(139, '2024-07-31', 1, 3, 3, 0, '', 16, '2024-07-31 03:16:07', '2024-07-31 03:16:07', 1, 1),
(140, '2024-07-31', 1, 33, 44, 11, '', 16, '2024-07-31 04:28:43', '2024-07-31 04:28:43', 1, 1),
(141, '2024-07-31', 10, 1, 2, 1, '', 44, '2024-07-31 04:29:40', '2024-07-31 04:29:40', 1, 1),
(142, '2024-07-31', 100, 1, 2, 1, '', 16, '2024-07-31 04:30:14', '2024-07-31 04:30:14', 1, 1),
(143, '2024-07-31', 1, 89, 888, 799, '', 14, '2024-07-31 04:41:56', '2024-07-31 04:41:56', 1, 1),
(144, '2024-07-31', 1, 4, 5, 1, 'ff', 44, '2024-07-31 13:53:42', '2024-07-31 13:53:42', 1, 1),
(145, '2024-07-31', 1, 99, 999, 900, '', 10, '2024-07-31 13:57:38', '2024-07-31 13:57:38', 1, 1);

-- --------------------------------------------------------

--
-- Estructura de tabla para la tabla `permisos`
--

CREATE TABLE `permisos` (
  `id_permiso` int(11) NOT NULL,
  `nombre` varchar(50) NOT NULL,
  `descripcion` text DEFAULT NULL
) ENGINE=InnoDB DEFAULT CHARSET=utf8mb4 COLLATE=utf8mb4_general_ci;

--
-- Volcado de datos para la tabla `permisos`
--

INSERT INTO `permisos` (`id_permiso`, `nombre`, `descripcion`) VALUES
(1, 'ver_equipos', 'Permiso para ver la lista de equipos'),
(2, 'gestionar_equipos', 'Permiso para añadir, editar y eliminar equipos'),
(3, 'ver_usuarios', 'Permiso para ver la lista de usuarios'),
(4, 'gestionar_usuarios', 'Permiso para añadir, editar y eliminar usuarios'),
(5, 'ver_partes_diarios', 'Permiso para ver partes diarios de equipos'),
(6, 'cargar_partes_diarios', 'Permiso para cargar partes diarios de equipos'),
(7, 'generar_reportes', 'Permiso para generar reportes'),
(8, 'configuracion_avanzada', 'Permiso para acceder a configuraciones avanzadas');

-- --------------------------------------------------------

--
-- Estructura de tabla para la tabla `roles`
--

CREATE TABLE `roles` (
  `id_rol` int(11) NOT NULL,
  `nombre` varchar(50) NOT NULL,
  `descripcion` text DEFAULT NULL
) ENGINE=InnoDB DEFAULT CHARSET=utf8mb4 COLLATE=utf8mb4_general_ci;

--
-- Volcado de datos para la tabla `roles`
--

INSERT INTO `roles` (`id_rol`, `nombre`, `descripcion`) VALUES
(1, 'administrador', 'Administrador con acceso completo al sistema'),
(2, 'supervisor', 'Supervisor con acceso limitado para gestionar equipos y usuarios'),
(3, 'usuario', 'Usuario con acceso para ver y cargar partes diarios');

-- --------------------------------------------------------

--
-- Estructura de tabla para la tabla `roles_permisos`
--

CREATE TABLE `roles_permisos` (
  `id_rol_permiso` int(11) NOT NULL,
  `rol_id` int(11) NOT NULL,
  `permiso_id` int(11) NOT NULL
) ENGINE=InnoDB DEFAULT CHARSET=utf8mb4 COLLATE=utf8mb4_general_ci;

--
-- Volcado de datos para la tabla `roles_permisos`
--

INSERT INTO `roles_permisos` (`id_rol_permiso`, `rol_id`, `permiso_id`) VALUES
(1, 1, 1),
(2, 1, 2),
(3, 1, 3),
(4, 1, 4),
(5, 1, 5),
(6, 1, 6),
(7, 1, 7),
(8, 1, 8),
(9, 2, 1),
(10, 2, 2),
(11, 2, 3),
(12, 2, 5),
(13, 2, 6),
(14, 2, 7),
(15, 3, 1),
(16, 3, 5),
(17, 3, 6);

-- --------------------------------------------------------

--
-- Estructura de tabla para la tabla `usuarios`
--

CREATE TABLE `usuarios` (
  `id_usuario` int(11) NOT NULL,
  `legajo` varchar(10) NOT NULL,
  `email` varchar(255) NOT NULL,
  `dni` varchar(20) NOT NULL,
  `password` varchar(255) NOT NULL,
  `date_created` datetime NOT NULL DEFAULT current_timestamp(),
  `date_updated` datetime NOT NULL DEFAULT current_timestamp() ON UPDATE current_timestamp(),
  `estado_id` int(11) NOT NULL,
  `nombre` varchar(50) NOT NULL,
  `apellido` varchar(50) NOT NULL,
  `telefono` varchar(20) NOT NULL
) ENGINE=InnoDB DEFAULT CHARSET=utf8mb4 COLLATE=utf8mb4_general_ci;

--
-- Volcado de datos para la tabla `usuarios`
--

INSERT INTO `usuarios` (`id_usuario`, `legajo`, `email`, `dni`, `password`, `date_created`, `date_updated`, `estado_id`, `nombre`, `apellido`, `telefono`) VALUES
(1, '1191', 'wpaul@jepitonsa.com.ar', '29574769', '123456', '2024-06-24 13:11:41', '2024-07-18 02:11:16', 1, 'walter sebastian', 'paul', '3444-447963'),
(3, '0001', 'prueba@jepitonsa.com.ar', '00000001', '123456', '2024-07-13 11:46:33', '2024-07-18 02:11:37', 1, 'prueba', 'prueba', '3444-447963'),
(4, '2695', 'cvega@jepitonsa.com.ar', '32584242', '123456', '2024-07-16 18:06:24', '2024-07-18 02:10:52', 1, 'cristian andres', 'vega', '3444-462150');

-- --------------------------------------------------------

--
-- Estructura de tabla para la tabla `usuarios_roles`
--

CREATE TABLE `usuarios_roles` (
  `usuario_id` int(11) DEFAULT NULL,
  `rol_id` int(11) DEFAULT NULL
) ENGINE=InnoDB DEFAULT CHARSET=utf8 COLLATE=utf8_unicode_ci;

--
-- Volcado de datos para la tabla `usuarios_roles`
--

INSERT INTO `usuarios_roles` (`usuario_id`, `rol_id`) VALUES
(1, 1),
(NULL, NULL),
(1, 2),
(3, 3),
(4, 1);

--
-- Índices para tablas volcadas
--

--
-- Indices de la tabla `equipos`
--
ALTER TABLE `equipos`
  ADD PRIMARY KEY (`id_equipo`),
  ADD UNIQUE KEY `interno` (`interno`),
  ADD KEY `estado_id` (`estado_id`);

--
-- Indices de la tabla `estados`
--
ALTER TABLE `estados`
  ADD PRIMARY KEY (`id_estado`);

--
-- Indices de la tabla `obras`
--
ALTER TABLE `obras`
  ADD PRIMARY KEY (`id_obra`),
  ADD KEY `estado_id` (`estado_id`);

--
-- Indices de la tabla `partes_diarios`
--
ALTER TABLE `partes_diarios`
  ADD PRIMARY KEY (`id_parte_diario`),
  ADD KEY `equipo_id` (`equipo_id`),
  ADD KEY `obra_id` (`obra_id`),
  ADD KEY `user_created` (`user_created`),
  ADD KEY `estado_id` (`estado_id`);

--
-- Indices de la tabla `permisos`
--
ALTER TABLE `permisos`
  ADD PRIMARY KEY (`id_permiso`);

--
-- Indices de la tabla `roles`
--
ALTER TABLE `roles`
  ADD PRIMARY KEY (`id_rol`);

--
-- Indices de la tabla `roles_permisos`
--
ALTER TABLE `roles_permisos`
  ADD PRIMARY KEY (`id_rol_permiso`),
  ADD KEY `rol_id` (`rol_id`),
  ADD KEY `permiso_id` (`permiso_id`);

--
-- Indices de la tabla `usuarios`
--
ALTER TABLE `usuarios`
  ADD PRIMARY KEY (`id_usuario`),
  ADD UNIQUE KEY `email` (`email`),
  ADD UNIQUE KEY `dni` (`dni`),
  ADD KEY `estado_id` (`estado_id`);

--
-- Indices de la tabla `usuarios_roles`
--
ALTER TABLE `usuarios_roles`
  ADD KEY `usuario_id` (`usuario_id`),
  ADD KEY `rol_id` (`rol_id`);

--
-- AUTO_INCREMENT de las tablas volcadas
--

--
-- AUTO_INCREMENT de la tabla `equipos`
--
ALTER TABLE `equipos`
  MODIFY `id_equipo` int(11) NOT NULL AUTO_INCREMENT, AUTO_INCREMENT=649;

--
-- AUTO_INCREMENT de la tabla `estados`
--
ALTER TABLE `estados`
  MODIFY `id_estado` int(11) NOT NULL AUTO_INCREMENT, AUTO_INCREMENT=4;

--
-- AUTO_INCREMENT de la tabla `obras`
--
ALTER TABLE `obras`
  MODIFY `id_obra` int(11) NOT NULL AUTO_INCREMENT, AUTO_INCREMENT=69;

--
-- AUTO_INCREMENT de la tabla `partes_diarios`
--
ALTER TABLE `partes_diarios`
  MODIFY `id_parte_diario` int(11) NOT NULL AUTO_INCREMENT, AUTO_INCREMENT=146;

--
-- AUTO_INCREMENT de la tabla `permisos`
--
ALTER TABLE `permisos`
  MODIFY `id_permiso` int(11) NOT NULL AUTO_INCREMENT, AUTO_INCREMENT=9;

--
-- AUTO_INCREMENT de la tabla `roles`
--
ALTER TABLE `roles`
  MODIFY `id_rol` int(11) NOT NULL AUTO_INCREMENT, AUTO_INCREMENT=5;

--
-- AUTO_INCREMENT de la tabla `roles_permisos`
--
ALTER TABLE `roles_permisos`
  MODIFY `id_rol_permiso` int(11) NOT NULL AUTO_INCREMENT, AUTO_INCREMENT=18;

--
-- AUTO_INCREMENT de la tabla `usuarios`
--
ALTER TABLE `usuarios`
  MODIFY `id_usuario` int(11) NOT NULL AUTO_INCREMENT, AUTO_INCREMENT=6;

--
-- Restricciones para tablas volcadas
--

--
-- Filtros para la tabla `equipos`
--
ALTER TABLE `equipos`
  ADD CONSTRAINT `equipos_ibfk_1` FOREIGN KEY (`estado_id`) REFERENCES `estados` (`id_estado`);

--
-- Filtros para la tabla `obras`
--
ALTER TABLE `obras`
  ADD CONSTRAINT `obras_ibfk_1` FOREIGN KEY (`estado_id`) REFERENCES `estados` (`id_estado`);

--
-- Filtros para la tabla `partes_diarios`
--
ALTER TABLE `partes_diarios`
  ADD CONSTRAINT `partes_diarios_ibfk_1` FOREIGN KEY (`equipo_id`) REFERENCES `equipos` (`id_equipo`),
  ADD CONSTRAINT `partes_diarios_ibfk_2` FOREIGN KEY (`obra_id`) REFERENCES `obras` (`id_obra`),
  ADD CONSTRAINT `partes_diarios_ibfk_3` FOREIGN KEY (`user_created`) REFERENCES `usuarios` (`id_usuario`),
  ADD CONSTRAINT `partes_diarios_ibfk_4` FOREIGN KEY (`estado_id`) REFERENCES `estados` (`id_estado`);

--
-- Filtros para la tabla `roles_permisos`
--
ALTER TABLE `roles_permisos`
  ADD CONSTRAINT `roles_permisos_ibfk_1` FOREIGN KEY (`rol_id`) REFERENCES `roles` (`id_rol`),
  ADD CONSTRAINT `roles_permisos_ibfk_2` FOREIGN KEY (`permiso_id`) REFERENCES `permisos` (`id_permiso`);

--
-- Filtros para la tabla `usuarios`
--
ALTER TABLE `usuarios`
  ADD CONSTRAINT `usuarios_ibfk_1` FOREIGN KEY (`estado_id`) REFERENCES `estados` (`id_estado`);

--
-- Filtros para la tabla `usuarios_roles`
--
ALTER TABLE `usuarios_roles`
  ADD CONSTRAINT `usuarios_roles_ibfk_1` FOREIGN KEY (`usuario_id`) REFERENCES `usuarios` (`id_usuario`),
  ADD CONSTRAINT `usuarios_roles_ibfk_2` FOREIGN KEY (`rol_id`) REFERENCES `roles` (`id_rol`);
COMMIT;

/*!40101 SET CHARACTER_SET_CLIENT=@OLD_CHARACTER_SET_CLIENT */;
/*!40101 SET CHARACTER_SET_RESULTS=@OLD_CHARACTER_SET_RESULTS */;
/*!40101 SET COLLATION_CONNECTION=@OLD_COLLATION_CONNECTION */;
